<?xml version="1.0"?>
<config xmlns:xsi="http://www.w3.org/2001/XMLSchema-instance" xsi:noNamespaceSchemaLocation="urn:magento:module:Magento_Config/etc/system_file.xsd">
    <system>
        <section id="payment">
            <group id="oab" translate="label" type="text" sortOrder="20" showInDefault="1" showInWebsite="1" showInStore="1">
                <label>Oman Arab Bank Payment Gateway</label>
                <field id="active" translate="label" type="select" sortOrder="10" showInDefault="1" showInWebsite="1" showInStore="0" canRestore="1">
                    <label>Enabled</label>
                    <source_model>Magento\Config\Model\Config\Source\Yesno</source_model>
                </field>
				<field id="title" translate="label" type="text" sortOrder="20" showInDefault="1" showInWebsite="1" showInStore="1" canRestore="1">
                    <label>Title</label>
                </field>
                <field id="show_logo" translate="label" type="select" sortOrder="30" showInDefault="1" showInWebsite="1"
                       showInStore="1" canRestore="1">
                    <label>Show OAB Logo</label>
                    <source_model>Magento\Config\Model\Config\Source\Yesno</source_model>
                    <comment>Show OAB Logo on Checkout Page</comment>
                </field>
                <field id="liveMode" translate="label" type="select" sortOrder="10" showInDefault="1" showInWebsite="1" showInStore="0" canRestore="1">
                    <label>Live Mode</label>
                    <source_model>Magento\Config\Model\Config\Source\Yesno</source_model>
                </field>
				<field id="tranportalId" translate="label" type="text" sortOrder="40" showInDefault="1" showInWebsite="1" showInStore="1">
                    <label>Tranportal Id</label>
                    <validate>required-entry</validate>
                    <depends>
                        <field id="active">1</field>
                    </depends>
					<comment><![CDATA[Tranportal Id as provided by Payment Gateway]]></comment>
                </field>
				<field id="tranportalPwd" translate="label" type="password" sortOrder="40" showInDefault="1" showInWebsite="1" showInStore="1">
                    <label>Tranportal Password</label>
                    <validate>required-entry</validate>
                    <depends>
                        <field id="active">1</field>
                    </depends>
					<comment><![CDATA[Tranportal Password as provided by Payment Gateway]]></comment>
                </field>
				<field id="resourceKey" translate="label" type="password" sortOrder="40" showInDefault="1" showInWebsite="1" showInStore="1">
                    <label>Resource Key</label>
                    <validate>required-entry</validate>
                    <depends>
                        <field id="active">1</field>
                    </depends>
					<comment><![CDATA[Resource Key as provided by Payment Gateway]]></comment>
                </field>
                <field id="lang" translate="label" type="select" sortOrder="50" showInDefault="1" showInWebsite="1" showInStore="0" canRestore="1">
                    <label>Payment Language</label>
                    <source_model>Meetanshi\Oab\Model\Config\Source\Lang</source_model>
                </field>
                <field id="allow_invoice" translate="label" type="select" sortOrder="60" showInDefault="1" showInWebsite="1"
                       showInStore="0" canRestore="1">
                    <label>Allow Auto Invoice</label>
                    <source_model>Magento\Config\Model\Config\Source\Yesno</source_model>
                </field>
                <field id="allowspecific" translate="label" type="allowspecific" sortOrder="70" showInDefault="1"
                       showInWebsite="1" showInStore="0" canRestore="1">
                    <label>Payment from Applicable Countries</label>
                    <source_model>Magento\Payment\Model\Config\Source\Allspecificcountries</source_model>
                </field>

                <field id="specificcountry" translate="label" type="multiselect" sortOrder="80" showInDefault="1"
                       showInWebsite="1" showInStore="0">
                    <label>Payment from Specific Countries</label>
                    <source_model>Magento\Directory\Model\Config\Source\Country</source_model>
                </field>
				<field id="sort_order" translate="label" type="text" sortOrder="90" showInDefault="1" showInWebsite="1" showInStore="0">
                    <label>Sort Order</label>
                </field>
			</group>
        </section>
    </system>
</config>
