<?xml version="1.0"?>
<config xmlns:xsi="http://www.w3.org/2001/XMLSchema-instance" xsi:noNamespaceSchemaLocation="urn:magento:framework:ObjectManager/etc/config.xsd">
    <preference for="Magento\Payment\Block\ConfigurableInfo" type="Meetanshi\Oab\Block\Payment\Info"/>
    <type name="Magento\Sales\Block\Adminhtml\Order\View">
        <plugin name="sales_order_adminhtml_view_custom_button_plugin" type="Meetanshi\Oab\Plugin\Sales\Block\Adminhtml\Order\View"/>
    </type>
    <virtualType name="Meetanshi\Oab\Model\Logger\VirtualDebug" type="Magento\Framework\Logger\Handler\Base">
        <arguments>
            <argument name="fileName" xsi:type="string">/var/log/oab.log</argument>
        </arguments>
    </virtualType>
    <virtualType name="Meetanshi\Oab\Model\Logger\VirtualLogger" type="Magento\Framework\Logger\Monolog">
        <arguments>
            <argument name="name" xsi:type="string">oab</argument>
            <argument name="handlers" xsi:type="array">
                <item name="debug" xsi:type="object">Meetanshi\Oab\Model\Logger\VirtualDebug</item>
            </argument>
        </arguments>
    </virtualType>
</config>
